class,Question,a,b,c,d,Answer
BeastAttack.cs,What does the BeastAttack class do in the Unity project?,Manages player movement,Generates sounds,Manages the beast attack behavior and player hit behavior,Controls the camera,c
BeastAttack.cs,What does the gameObject that uses the BeastAttack.cs script need to have on it?,A Rigidbody,A Collider,A Cinemachine Impulse Source,All of the above,d
BeastAttack.cs,What happens when the player gets hit while in the beast's Escaping state?,The player is pushed back,The player is pushed back and the beast enters a cooldown state,The player is pushed back and the beast dies,The player is not affected,b
BeastKillsPlayerSequenceAnimator.cs,What is the purpose of the BeastKillsPlayerSequenceAnimator class?,To control player movement,To manage the beast killing player animation sequence,To handle player combat actions,To store references to key player components,b
BeastKillsPlayerSequenceAnimator.cs,"In the BeastKillsPlayerSequenceAnimator class, what does the StartSequence method do?",Finds the farthest destination from the player,Activates and plays the animation sequence,Returns a random destination,Sets the player position,b
BeastKillsPlayerSequenceAnimator.cs,What does the OnRespawnClicked method do in the BeastKillsPlayerSequenceAnimator class?,Deactivates the animation sequence,Teleports the player,Sets the player position,Finds the farthest destination from the player,a
Beast.BeastManager.cs,"What states can the beast be in, according to the State enum?","Sleep, On Target, Roaming, Escaping, and Bleeding","Sleep, On Target, Roaming, Escaping, and Killing","Sleep, On Target, Roaming, Escaping, and Attacking","Sleep, On Target, Roaming, Escaping, and Stunned",b
Beast.BeastManager.cs,What happens when the lights are back on? (event LevelEventHub.OnLightsBackOn),The beast changes to state Sleep.,The beast changes to state Killing.,The beast changes to state Escaping.,The beast changes to state Roaming.,c
Beast.BeastManager.cs,What is the purpose of the _scapingState variable?,To control the beast's movement when it is escaping.,To control the beast's movement when it is sleeping.,To control the beast's movement when it is roaming.,To control the beast's movement when it is on target.,a
BeastState.cs,What is the purpose of the BeastState abstract class in Unity's Beast.States namespace? ,To control player movement,To manage some player behavior functionality,To handle player combat actions,To store references to key player components,d
BeastState.cs,"In the BeastState class, what is the purpose of the LookAt() method? ",To shoot a laser beam in a direction,To slowly turn the head to face a target position,To change the rotation of the entire beast to point it at a position,To fire a projectile at a target,b
BeastState.cs,Which method in the BeastState class is responsible for setting up the state's properties and injecting its required parameters? ,Init(),Activate(),EnterState(),Start(),a
BeastStateKilling.cs,"In the BeastStateKilling class, what is the purpose of the _timeLeft field?",To store the time since the player was killed,To store the time left until the beast starts attacking,To store the time left before the beast changes state,To store the time left until the beast kills the player,c
BeastStateKilling.cs,What does the Update() method do in the BeastStateKilling class?,Hides the beast from the player,Makes the beast look at the player and transition to roaming state after a certain time,Makes the beast attack the player,Makes the beast chase the player,b
BeastStateKilling.cs,What happens when the BeastStateKilling state is activated?,The beast becomes invisible,The beast's movement speed is set to normal,The beast's attack cooldown is reset,The beast's navigation path is reset,d
BeastStateOnTarget.cs,What is the purpose of the 'eyeSightDistance' field in BeastStateOnTarget.cs?,It stops other beasts from getting in the player's way.,It sets the player's fast speed.,It defines how far the beast can see.,It determines the player's normal speed.,c
BeastStateOnTarget.cs,What will happen if the player is not in the beast's line of sight in BeastStateOnTarget.cs?,The beast will charge at the player.,The beast will continue chasing the player.,The beast will transition to RoamingOnSight state.,The beast will transition to Roaming state.,d
BeastStateOnTarget.cs,When does the beast start running toward the player in BeastStateOnTarget.cs?,When the player is within a certain distance.,When the beast is on cooldown.,When the beast is in RoamingOnSight state.,When the player is not in the beast's line of sight.,a
BeastStateRoaming.cs,"In BeastStateRoaming.cs, what is the purpose of the `CheckForPlayerInSight()` method?",To check if the player is in the beast's line of sight.,To check if the player is making sound.,To update the beast's current roaming position.,To change the beast's state to OnTarget.,a
BeastStateRoaming.cs,"In BeastStateRoaming.cs, what happens when the beast reaches its current roaming point?",It will stay at the point and wait for the player.,It will teleport to a new roaming point.,It will get a new roaming point and start moving towards it.,It will change its state to OnTarget.,c
BeastStateRoaming.cs,"In BeastStateRoaming.cs, what does the beast do when it hears the player making sound?",It will change its state to OnTarget.,It will ignore the sound and continue roaming.,It will roam to the player's last heard position.,It will increase the detection angle.,c
BeastStateScaping.cs,"In BeastStateScaping.cs, what is the purpose of the Update() method?",To check if the beast has reached its hiding place,To change the beast's state,To make the beast look at the player,To set the beast's destination,a
BeastStateScaping.cs,"In BeastStateScaping.cs, when does the beast change to the Sleep state?",When the beast reaches its hideout,When the player brings the power back on,When the beast is out,When the player turns off the power,a
BeastStateScaping.cs,"In BeastStateScaping.cs, what happens when the OnStateActivated() method is called?",The beast's destination is set to its hideout position,The beast's speed is set to normal,The beast's state is changed to Sleep,The beast is teleported to its hideout,a
BeastStateSleep.cs,"Within the BeastStateSleep class, what is the purpose of the OnStateActivated method?",To enable the NavMeshAgent component.,To move the beast to its hideout position.,To set the beast's speed.,To deactivate the beast's gameObject.,b
BeastStateSleep.cs,What is the main responsibility of the BeastStateSleep class?,To control the beast's movement.,To manage the beast's attacks.,To handle the beast's sleep state.,To detect when the player is near the beast.,c
BeastStateSleep.cs,Which of the following methods is defined in the BeastStateSleep class to handle the beast's behavior when it is activated?,OnStateDeactivated,Update,OnStateActivated,Awake,c
GlobalEventHub.cs,What is the purpose of GlobalEventHub class?,To manage game objects,To allow communication between components without having to reference each other,To handle player input,To store game data,b
GlobalEventHub.cs,What is the OnGameStart event for?,This event is called at the start of the game,This event is called when the player scores points,This event is called when the player dies,This event is called when the player wins the game,a
GlobalEventHub.cs,How do components subscribe to the OnGameStart event?,They add a method to the OnGameStart event delegate,They call the GameStart() method,They add a listener to the OnGameStart event,They set the OnGameStart event to true,a
LevelEventHub.cs,What is the purpose of the LevelEventHub class in LevelEventHub.cs?,To control player movement,To manage some player behavior functionality,To handle player combat actions,To provide a way for components to communicate with each other without referencing each other,d
LevelEventHub.cs,What does the OnPowerCoreInserted method do in LevelEventHub.cs?,Finds the farthest destination from the player,Teleports the player,Returns a random destination,Raises an event when a power core has been inserted into a power station,d
LevelEventHub.cs,What does the OnLightGunLightInjected method do in LevelEventHub.cs?,Finds the farthest destination from the player,Teleports the player,Returns a random destination,Raises an event when a new light has been injected into a light gun object,d
PlayerBehaviourEventHub.cs,What is the purpose of PlayerBehaviourEventHub?,To manage player movement,To communicate between different components,To handle player combat actions,To store references to key player components,b
PlayerBehaviourEventHub.cs,What event is triggered when the player fully grabs an object?,OnPlayerGotHit,OnPlayerGrabbedAnObject,OnPlayerHealthEnded,OnPlayerUnGrabbedAnObject,b
PlayerBehaviourEventHub.cs,Which component invokes PlayerRespawned?,GrabbableObjects.cs,PlayerHealthManager.cs,BeastAttack.cs,DeathRespawnManager.cs,d
UiEventHub.cs,What is the purpose of the UiEventHub class?,To handle player movement,To allow communication between components without having to reference each other,To manage some player behavior functionality,To store references to key player components,b
UiEventHub.cs,What does the MainHint() method do in UiEventHub.cs?,Updates the current objective of the game,Triggers the 'OnMainHint' event,Returns a random destination,Sets the player position,b
UiEventHub.cs,Which event is used to update the current objective of the game?,OnMainHint,OnCurrentObjectiveUpdate,OnPlayerLookAtInteractable,OnPowerSwitchUpdate,b
FallenToVoidObjectDestroyer.cs,"In FallenToVoidObjectDestroyer.cs, what is the purpose of the class?",To remove any object that enters the void,To teleport objects to another location,To track the player's position,To set the player's position,a
FallenToVoidObjectDestroyer.cs,"In the FallenToVoidObjectDestroyer.cs, what happens when an object enters the ""void""?",It is transported to a random location,Its position is reset,It is destroyed,It is teleported to the player,c
FallenToVoidObjectDestroyer.cs,Which method is responsible for removing an object that falls into the void?,OnTriggerEnter(),Update(),Start(),Awake(),a
PlayerDetector.cs,What does the 'ShoutOnTrigger' field in the PlayerDetector class control?,Whether to destroy the object on trigger,Whether to broadcast an event globally and in the inspector,Whether to call other functions on the object,Whether to add the object to a list of detected objects,b
PlayerDetector.cs,What happens when the PlayerDetector's OnTriggerEnter method is called?,It destroys the object,It broadcasts a global event and invokes a UnityEvent,It teleports the player to a specific location,It saves the object's position,b
PlayerDetector.cs,What is the purpose of the PlayerDetector class? ,To detect when an object enters its trigger zone,To manage the player's health,To control the player's movement,To store the player's inventory,a
SimpleLight.cs,What is the purpose of the SimpleLight class?,To control the intensity of lights.,To manage the range of lights.,To toggle lights on and off.,To change the color of lights.,c
SimpleLight.cs,What is a complex light in the context of SimpleLight?,A light with multiple sources.,A light that emits multiple colors.,A light that is attached to a child object.,A light that is brighter than a simple light.,c
SimpleLight.cs,What does the TurnOn method do in SimpleLight?,Turns the light off.,Sets the light's color.,Turns the light on and sets its color.,Sets the light's intensity.,c
KitsController.cs,What is the purpose of the KitsController class?,To control player movement and animation,To manage player behavior,To handle player combat actions,To store references to key player components,a
KitsController.cs,Which method is used to make Kits run to a random destination?,GoThere(),UpdateAnimator(),LightsOut(),LightsBackOn(),a
KitsController.cs,What does the KitsController class do when the power goes out?,Start running to a random destination,Light up Kits mask,Stop moving,Turn off Kits mask,b
Level.LevelLightsManager,What is the purpose of the Level.LevelLightsManager class?,To control player movement.,To manage lights during a power outage and when the power is restored.,To handle player combat actions.,To store references to key player components.,b
Level.LevelLightsManager,What is the emergencyLights field in Level.LevelLightsManager?,A collection of lights that stay on during a power outage.,A variable that tells you if the lights are on or off.,A manager for the lights in the level.,A list of all the lights in the level.,a
Level.LevelLightsManager,What does the OnPowerSwitchActivated method do in Level.LevelLightsManager?,Turns off the lights.,Turns on the lights.,Increments the count of activated power switches.,Decrements the count of activated power switches.,c
LevelManager.cs,"In LevelManager.cs, what is the purpose of the mainMenuCameraTransform field?",To set the camera position for the main menu scene.,To set the camera position for the player respawn point.,To set the camera position for the level start point.,To set the camera position for the beast spawn point.,a
LevelManager.cs,What does the FinishedAndExitedLevel() method do in LevelManager.cs?,Calculates the time to beat the level and saves it.,Unloads the current level and loads the next one.,Locks the main door to prevent the player from re-entering the level.,All of the above,d
LevelManager.cs,What happens when a player detector is triggered in LevelManager.cs?,The player enters the next level.,The player exits the current level.,The player respawns at the last checkpoint.,The player's health is restored.,b
Level.LevelRoomPuzzleMaster,What is the main function of the LevelRoomPuzzleMaster abstract class?,To manage puzzle room behavior.,To handle player interactions.,To control player movement.,To store references to key player components.,a
Level.LevelRoomPuzzleMaster,What is the purpose of the OnStart method in LevelRoomPuzzleMaster?,To initialize puzzle room components.,To start the puzzle room music.,To activate puzzle room traps.,To display puzzle room instructions.,a
Level.LevelRoomPuzzleMaster,What is the role of the OnEnable method in LevelRoomPuzzleMaster?,To enable puzzle room collisions.,To activate puzzle room power-ups.,To reset puzzle room traps.,To enable puzzle room interactions.,d
LevelSummaryAdapter.cs,What does the LevelSummaryAdapter class in Unity do?,Controls player movement,Stores level summary information,Manages player combat actions,Generates random destinations,b
LevelSummaryAdapter.cs,What method is used to display the previous level summary screen?,Start(),Update(),Awake(),OnEnable(),a
LevelSummaryAdapter.cs,Where does the LevelSummaryAdapter class get the previous level summary information from?,Player Input,PlayerPrefs,Random Generation,Scene Transition,b
PowerOutageBeastReleaseManager.cs,What is the purpose of the PowerOutageBeastReleaseManager class?,To manage player combat actions,To manage power outages and beast releases,To store references to key player components,To handle player movement,b
PowerOutageBeastReleaseManager.cs,What does the IsItOkToCutThePowerAndReleaseBeast() method do?,Checks if the player is holding something,Checks if the player is inside the forbidden area,Checks if the player is in combat,Checks if the power is on,b
PowerOutageBeastReleaseManager.cs,When does the CutPowerAndReleaseBeast() method get called?,When the player enters the forbidden area,When the player releases the beast,When the power is back on,When the time until the next outage is up,d
PowerSwitchUiHelper.cs,What is the purpose of the PowerSwitchUiHelper class?,To activate power switches,To manage the UI for the power switches,To turn the lights on and off,To control player movement,b
PowerSwitchUiHelper.cs,What is the name of the method that is called by LevelLightsManager.cs when a power switch is activated?,PowerSwitchActivated(),LightsOut(),LightsBackOn(),CurrentObjectiveUpdate(),a
PowerSwitchUiHelper.cs,What does the LightsBackOn() method do?,Updates the UI to show the activated power switches count,Turns the lights back on,Removes the current objective text from the UI,Activates a power switch,c
Level1EventHub.cs,What is the purpose of a method like TeleportToSafety() in Level1EventHub.cs?,To teleport the player to safety.,To end the level.,To start the level.,To reset the player's health.,a
Level1EventHub.cs,What type of design pattern does Level1EventHub.cs implement?,Singleton,Factory,EventHub,Observer,c
Level1EventHub.cs,"In Level1EventHub.cs, what does the Room1PoolUpdate() method do?",Updates the room's pool of objects.,Adds an object to the room's pool.,Removes an object from the room's pool.,All of the above.,d
Level1Manager.cs,What does the GameStartTask() method do?,Starts a countdown and resets player position,Plays a player wake up animation,Loads the next level,Unloads current level,b
Level1Manager.cs,What is the purpose of the PlayerWokeUp() method?,Disables player and gameplay UI,Unlocks the main door,Subscribes to some events,Enables player and gameplay UI,d
Level1Manager.cs,What does the LightsBackOn() method do?,Listens to some events,Unlocks the main door,Teleports player to a safe place,Disables player and gameplay UI,b
Level1PuzzleMaster.cs,What does the Level1PuzzleMaster class do?,Manages all puzzle room managers in level 1,Controls player movement,Handles player combat actions,Stores references to key player components,a
Level1PuzzleMaster.cs,What methods are called from Level1Manager to the Level1PuzzleMaster?,"OnStart, OnEnable, and OnDisable","Update, FixedUpdate, and OnGUI","Awake, Start, and OnDestroy","OnApplicationQuit, OnApplicationFocus, and OnApplicationPause",a
Level1PuzzleMaster.cs,What are the names of the puzzle room managers that are managed by the Level1PuzzleMaster?,"Level1Room0PuzzleMaster, Level1Room1PuzzleMaster, Level1Room2PuzzleMaster, Level1Room3PuzzleMaster, and Level1Room4PuzzleMaster","PlayerManager, EnemyManager, LevelManager, and GameManager","InputManager, AudioManager, CameraManager, and SceneManager","UIManager, AnimationManager, PhysicsManager, and NetworkManager",a
Level1RoomPuzzleMaster.cs,What is the purpose of the puzzleIndicator variable in the Level1RoomPuzzleMaster class?,To indicate that a puzzle has been solved,To control the player's movement,To manage the behavior of enemies,To store the player's current position,a
Level1RoomPuzzleMaster.cs,What is the purpose of the turnedOnAfterPuzzle array in the Level1RoomPuzzleMaster class?,To store references to lights that are turned on after a puzzle is solved,To control the player's health,To manage the behavior of doors,To store the player's current score,a
Level1RoomPuzzleMaster.cs,What is the purpose of the puzzleMainDoor and puzzleSideDoor variables in the Level1RoomPuzzleMaster class?,To control the player's movement,To manage the behavior of enemies,To unlock doors after a puzzle is solved,To store the player's current position,c
Lvl1EventFirstBeastSpawn.cs,What does the All4PuzzlesAreSolved() method in Lvl1EventFirstBeastSpawn.cs do?,Activates all player detectors,Disables all player detectors,Activates all four puzzles,Disables all four puzzles,a
Lvl1EventFirstBeastSpawn.cs,Which method in Lvl1EventFirstBeastSpawn.cs is called when the player enters any player detector and what does it do?,"PlayerDetectorTriggered(), and it activates the beast","PlayerDetectorTriggered(), and it teleports the player to a safe room","PlayerDetectorTriggered(), and it turns off the lights","PlayerDetectorTriggered(), and it unlocks all doors",b
Lvl1EventFirstBeastSpawn.cs,What does the PowerSwitchActivated() method do when id is 0?,Activates all power switches,Deactivates all power switches,Unlocks all doors,Locks all doors,c
Lvl1FriendManager.cs,What is the purpose of the Lvl1FriendManager class?,To manage all the friend voice tracks in level 1,To control player movement,To handle player combat actions,To store references to key player components,a
Lvl1FriendManager.cs,What does the SolvedPuzzle method do in Lvl1FriendManager.cs?,Plays the sound when a puzzle is solved,Teleports the player,Returns a random destination,Sets the player position,a
Lvl1FriendManager.cs,What events does the Lvl1FriendManager class subscribe to?,"PlayerDetectorTriggered, LightsBackOn, BeastStateUpdate","PlayerMovement, PlayerCombat, PlayerHealth","LevelStart, LevelEnd, GameOver","Input, Update, FixedUpdate",a
Lvl1TutorialManager.cs,What is the purpose of the Lvl1TutorialManager class?,To handle player movement,To manage some player behavior functionality,To store references to key player components,To control player combat actions,b
Lvl1TutorialManager.cs,What is the purpose of the PlayerDetectorTriggered method in Lvl1TutorialManager.cs?,To show the tutorial message for a player detector,To activate the next trigger zone,To hide the tutorial text,To collect a collectable,a
Lvl1TutorialManager.cs,What is the purpose of the PlayerCollectedCollectable method in Lvl1TutorialManager.cs?,To show the tutorial message for a collectable,To set a corresponding bool in PlayerGunItemManager to true,To collect a collectable,To activate the next trigger zone,a
SafePlaceTeleporter.cs,What is the purpose of the SafePlaceTeleporter class in Level1.cs?,To teleport the player to the farthest safe place from the beast when the player's health reaches 0.,To manage the player's movement.,To handle player combat actions.,To store references to key player components.,a
SafePlaceTeleporter.cs,What does the OnTeleportToSafety() method do in SafePlaceTeleporter.cs?,It teleports the player to the farthest safe place from the beast.,It sets the player's health to 0.,It returns a random safe place.,It disables the SafePlaceTeleporter script.,a
SafePlaceTeleporter.cs,What happens when the SafePlaceTeleporter class is enabled?,It subscribes to the OnTeleportToSafety event.,It teleports the player to the farthest safe place.,It unregisters from the OnTeleportToSafety event.,It sets the player's health to 0.,a
Level1Room0PuzzleMaster.cs,What is the purpose of the Level1Room0PuzzleMaster class?,To control player movement,To implement puzzle logic for a starting room,To manage some player behavior functionality,To store references to key player components,b
Level1Room0PuzzleMaster.cs,What does the PowerCoreInserted() method do in Level1Room0PuzzleMaster?,Locks the main door,Unlocks the main door if the right power core is inserted,Teleports the player,Sets the player position,b
Level1Room0PuzzleMaster.cs,What event does the Level1Room0PuzzleMaster class subscribe to and why?,OnPowerCoreInserted,OnPowerCoreRemoved,OnPlayerDeath,OnPlayerRespawn,a
Level1Room1PuzzleMaster.cs,What is the purpose of the PuzzleCompleted() method in Level1Room1PuzzleMaster.cs?,To check if all pools are filled.,To unlock the main door.,To turn on the puzzle indicator.,To update the friend manager.,b
Level1Room1PuzzleMaster.cs,"What does the Room1PoolUpdate(int id, bool isFull) in Level1Room1PuzzleMaster.cs do?",To subscribe to an event.,To check if a pool is full.,To update the array of pools.,To call the PuzzleCompleted() method.,c
Level1Room1PuzzleMaster.cs,What happens when the PuzzleCompleted() method is called?,The main door is unlocked.,The puzzle indicator turns green.,The friend manager is updated.,All of the above.,d
Level1Room2PuzzleMaster.cs,What is the purpose of the PuzzleCompleted() function in Level1Room2PuzzleMaster.cs?,To unlock the main door.,To update the wires to show the current status of the puzzle,To check if all lights are injected correctly,To call the Lvl1FriendManager.Instance.SolvedPuzzle() function.,a
Level1Room2PuzzleMaster.cs,What event does the Level1Room2PuzzleMaster.cs class subscribe to?,OnLightGunLightInjected,OnStart,OnDisable,OnEnable,a
Level1Room2PuzzleMaster.cs,What does the CheckForCompletion() function do in Level1Room2PuzzleMaster.cs?,To update the wires to show the current status of the puzzle,To call the PuzzleCompleted() function if all lights are injected correctly,To check if all lights are injected correctly,To subscribe to some events,b
Level1Room3PuzzleMaster.cs,"In Level1Room3PuzzleMaster.cs, what is the purpose of the 'PowerCoreInserted' method?",To lock the main door,To inject light into the 'spawRoomSideDoor',To unlock the main door,To move the cage,c
Level1Room3PuzzleMaster.cs,What happens in Level1Room3PuzzleMaster.cs when a power core is ejected from the power station and it was for this room?,The main door is unlocked,The light in the room is turned off,The puzzle indicator turns on,The cage is unlocked,d
Level1Room3PuzzleMaster.cs,"In Level1Room3PuzzleMaster.cs, what happens when the 'OnEnable' method is called?",The 'PowerCoreInserted' and 'PowerCoreEjected' methods are subscribed to,The 'PowerCoreInserted' method is called,The 'PowerCoreEjected' method is called,The cage is moved,a
Level1Room4PuzzleMaster.cs,What is the purpose of the glass variable in the Level1Room4PuzzleMaster class? ,To store a reference to the player object.,To control the movement of the glass pieces.,To manage the lights in the puzzle room.,To keep track of the power core.,b
Level1Room4PuzzleMaster.cs,What happens when a green light is injected into light with id 41 in the Level1Room4PuzzleMaster class? ,The power core is inserted into the power station.,The puzzle is completed.,The glass pieces move down.,The main door is unlocked.,c
Level1Room4PuzzleMaster.cs,What is the purpose of the OnEnable() method in the Level1Room4PuzzleMaster class? ,To initialize the glass pieces.,To register for events.,To unlock the main door.,To start the puzzle timer.,b
Lvl1R1ObjectDetector.cs,What is the purpose of the Lvl1R1ObjectDetector class?,To detect when an object is added to or removed from a pool.,To control player movement.,To manage some player behavior functionality.,To store references to key player components.,a
Lvl1R1ObjectDetector.cs,What happens when an object enters the trigger zone (pool)?,The Lvl1R1ObjectDetector class is attached to the pools.,The object count is increased and the Room1PoolUpdate event is called.,The object is teleported to another location.,The player's position is set.,b
Lvl1R1ObjectDetector.cs,What happens when an object exits the trigger zone (pool)?,The object count is increased and the Room1PoolUpdate event is called.,The object count is decreased and the Room1PoolUpdate event is called.,The object is teleported to another location.,The player's position is set.,b
KeyGlassCage.cs,What does the KeyGlassCage class do?,Controls player movement,Manages key items,Opens and closes the glass cage that holds the keys in level 2,Handles player combat actions,c
KeyGlassCage.cs,What is the purpose of the Open() method?,Closes the cage,Teleports the player,Reveals the key by opening the cage,Stores references to key player components,c
KeyGlassCage.cs,What is the purpose of the Transform glass variable?,Stores a reference to the player transform,Stores a reference to the glass cage transform,Stores a reference to the key transform,Stores a reference to the camera transform,b
Level2MainCoreStationManager.cs,What happens when you insert the first power core in Level2MainCoreStationManager.cs?,The platform is brought up,A random destination is returned,The main door is unlocked,The player position is set,a
Level2MainCoreStationManager.cs,What is the purpose of the OnEnable() method in Level2MainCoreStationManager.cs?,To enable the platform animator,To add the cores to the platform,To subscribe to some events,To set the parent of the cores to null,c
Level2MainCoreStationManager.cs,What does the SolvedPuzzle() method do in Level2MainCoreStationManager.cs?,Unlocks the main door,Calls SolvedAllPuzzles(),Adds 1 to the solvedPuzzles count,All of the above,d
Level2Manager.cs,What is the purpose of the Level2Manager class?,It loads the next level,It manages the puzzles in the level,It manages the main core station in the level,It acts as a hub for references to other classes and delegates events to them,d
Level2Manager.cs,What is the purpose of the OnPuzzle1ButtonPressed() method?,It is triggered when the puzzle 1 button is pressed and forwards the event to the Level2PuzzleMaster class,It is triggered when the puzzle 2 is completed and forwards the event to the Level2PuzzleMaster class,It is triggered when the puzzle 3 key holder light changes color and forwards the event to the Level2PuzzleMaster class,It is triggered when the stage 2 pressure plate is activated and forwards the event to the Level2PuzzleMaster class,a
Level2Manager.cs,What is the purpose of the OnEnable() method?,It is called when the Level2Manager object is enabled and calls OnEnable on the Level2PuzzleMaster and Level2MainCoreStationManager classes,It is called when the Level2Manager object is disabled and calls OnEnable on the Level2PuzzleMaster and Level2MainCoreStationManager classes,It is called when the Level2PuzzleMaster object is enabled and calls OnEnable on the Level2Manager and Level2MainCoreStationManager classes,It is called when the Level2PuzzleMaster object is disabled and calls OnEnable on the Level2Manager and Level2MainCoreStationManager classes,a
Lvl2FriendManager.cs,What is the purpose of the Lvl2FriendManager class in Lvl2FriendManager.cs?,To control player movement,To manage some player behavior functionality,To handle player combat actions,To store references to key player components,b
Lvl2FriendManager.cs,Which events does Lvl2FriendManager.cs subscribe to?,OnLevelComplete and OnLevelStart events,OnLightsBackOn and OnLightsOut events,OnPlayerDeath and OnPlayerRespawn events,OnEnemySpawned and OnEnemyDespawned events,b
PressurePlate.cs,What is the main responsibility of the PressurePlate class?,To control the movement of the player,To handle the pressure plate's behavior,To manage the game's score,To load and save game data,b
PressurePlate.cs,What happens when an object enters the pressure plate's trigger collider?,The pressure plate moves to its active position,The game ends,A sound effect is played,The player's health is decreased,a
PressurePlate.cs,What is the purpose of the onStateChange UnityEvent?,To increase the player's score,To change the pressure plate's color,To play a sound effect,To notify other objects when the state of the pressure plate changes,d
Level2Puzzle2PixelPuzzle.cs,What is the purpose of the Level2Puzzle2PixelPuzzle class?,To manage player movement,To implement some puzzle logic,To handle player combat actions,To store references to key player components,b
Level2Puzzle2PixelPuzzle.cs,What does the OnPixelChanged method do in Level2Puzzle2PixelPuzzle.cs?,Finds the farthest destination from the player,Teleports the player,Checks if the puzzle is completed,Sets the player position,c
Level2Puzzle2PixelPuzzle.cs,What is the wire in the Level2Puzzle2PixelPuzzle class responsible for?,To indicate the current level,To show the player's health,To display the puzzle's completion status,To indicate the number of enemies remaining,c
Level2Puzzle3LastPhaseSubStairsRoomManager.cs,What is the purpose of the \'requiredColor\' variable in the \'Level2Puzzle3LastPhaseSubStairsRoomManager\' script?,To determine the color of the player,To control the size of the power source,To set the color of the stairs,To identify the correct light color for activating the power source,d
Level2Puzzle3LastPhaseSubStairsRoomManager.cs,What happens when the \'PowerSourceLightChanged\' method is called with the correct \'color\' parameter?,The stairs are deactivated,The stairs are destroyed,"The power source is activated, and the stairs are activated","The power source is deactivated, and the stairs are deactivated",c
Level2Puzzle3LastPhaseSubStairsRoomManager.cs,"When the power source is deactivated, what happens to the stairs controlled by the \'Level2Puzzle3LastPhaseSubStairsRoomManager\' script?",They are destroyed,They are teleported to a random location,They remain active,They are deactivated,d
Level2PuzzleMaster.cs,What is the purpose of the Level2PuzzleMaster class?,To control player movement,To manage puzzle room managers in level 2,To handle player combat actions,To store references to key player components,b
Level2PuzzleMaster.cs,Which delegate method is called when the first pressure plate in stage 1 of puzzle 3 is activated?,Puzzle3KeyHolderLightChanged(),Stage1PressurePlateChangedFirst(),Stage1PressurePlateChangedSecond(),Stage2PressurePlateChanged(),b
Level2PuzzleMaster.cs,What are the methods called when enabling or disabling the Level2PuzzleMaster?,OnStart() and OnDisable(),OnEnable() and OnDisable(),OnStart() and OnEnable(),OnDisable() and OnEnable(),b
Level2Room1PuzzleMaster.cs,What does the OnPuzzle1ButtonPressed() method do?,Changes the light colors,Checks if the light types are correct and opens the corresponding cages,Closes all the cages,Locks the room,b
Level2Room1PuzzleMaster.cs,What is the purpose of the _shouldBeClosed list?,To store the cages that are currently open,To store the cages that should be closed after a while,To store the cages that are currently closed,To store the cages that should be opened after a while,b
Level2Room1PuzzleMaster.cs,What happens when the player presses the only button in puzzle 1?,The cages open,The cages close,The light types change,The room is locked,a
Level2Room2PuzzleMaster.cs,What is the purpose of the Level2Room2PuzzleMaster class?,To control player movement,To open a cage when all puzzles are completed,To handle player combat actions,To store references to key player components,b
Level2Room2PuzzleMaster.cs,What happens in the CheckForCompletion method?,It opens the cage if all puzzles are completed,It teleports the player,It returns a random destination,It sets the player position,a
Level2Room2PuzzleMaster.cs,What does the OnEnable method do in the Level2Room2PuzzleMaster script?,It subscribes to some events,It unsubscribes to some events,It sets the player position,It returns a random destination,a
Level2Room3PuzzleMaster.cs,Why is the `Solved()` function is called in `Level2Room3PuzzleMaster`?,To activate the player's lights,To deactivate the player's lights,To open the cage and end the puzzle,To set the pressure plates on the stage,c
Level2Room3PuzzleMaster.cs,What does `OnStart()` function do in the `Level2Room3PuzzleMaster` class?,Subscribes to various events,Unsubscribes to various events,Changes the color of the wires,Gets the materials database,d
Level2Room3PuzzleMaster.cs,What is the purpose of the function `KeyHolderLightChanged()` in `Level2Room3PuzzleMaster`?,To check if all lights are the right color,To open the cage,To activate the stairs,To change the color of the wires,a
LightGunDrivenSingleStair.cs,What is the purpose of the LightGunDrivenSingleStair class?,To handle the light color of the Light Gun,To activate/deactivate the stair and receive light color changes,To control the movement of the Light Gun,To manage the combat actions of the player,b
LightGunDrivenSingleStair.cs,What happens when the lightGun light changes its color?,The stair is activated,The stair is deactivated,The stair's position is changed,The stair's color is changed,a
LightGunDrivenSingleStair.cs,What activates the stair?,When the lightGun light is the required color,When the player steps on it,When an enemy touches it,When the player uses a specific item,a
SingleStair.cs,What is the purpose of the SingleStair class?,To control player movement,To manage a single stair's behavior,To handle player combat actions,To store references to key player components,b
SingleStair.cs,When is the stair initially set active?,When the game starts,When the player activates it,When it is flipped,It is never initially set active,a
SingleStair.cs,What does the Flip() method do?,Activates the stair if it's inactive and vice versa,Moves the stair to a specific position,Deactivates the stair,Sets the initial state of the stair,a
DeathRespawnManager.cs,What is the purpose of the 'PlayerManager' field in the 'DeathRespawnManager' class?,To manage the player's health,To control player movement,To notify the player manager when the player dies,To store references to key player components,d
DeathRespawnManager.cs,What method do you call when the player's health ends?,PlayerHealthEnded(),OnRespawnClicked(),StartSequence(),GetSpawnPosition(),a
DeathRespawnManager.cs,What does the 'OnRespawnClicked()' method do in the 'DeathRespawnManager' class?,It respawns the player,It shows the game over canvas,It deactivates the 'beast killing player' animation sequence,It locks the cursor,c
PlayerHealthManager.cs,What happens when the _healthAmount is equal to _maxHealth in PlayerHealthManager.cs?,Regeneration timer is reset,Health UI is updated,Player gets hit,Player healing is stopped,d
PlayerHealthManager.cs,What does PlayerGotHit() method do in PlayerHealthManager.cs?,Resets regeneration timer,Increases health,Decreases health and checks if player is dead,Invokes the PlayerBehaviourEventHub.OnPlayerGotHit,c
PlayerHealthManager.cs,What is the purpose of the OnEnable() and OnDisable() methods in PlayerHealthManager.cs?,To handle player movement,To manage UI elements,To subscribe and unsubscribe to events,To store references to key player components,c
PlayerKnockBack.cs,What is the purpose of the PlayerKnockBack class?,To control player movement,To manage player combat actions,To handle knock back behavior of the player,To storee references to key player components,c
PlayerKnockBack.cs,How is the knockback effect applied to the player?,Through the character controller,By directly modifying the player's transform,Using a rigidbody component,Via animation,a
PlayerKnockBack.cs,What happens when the impact variable reaches zero?,The knock back effect stops,The player's speed is increased,The player is teleported to a random location,The player's health is regenerated,a
PlayerManager.cs,What is the purpose of the PlayerManager class in the script?,To manage the player's HUD display,To provide localized text for the game,To manage some player behavior functionality and act as a hub for other player behavior components,To manage the AI and enemy behavior in the game,c
PlayerManager.cs,What function is called when the player dies and what does it do?,"FlyToHelicopter(), teleports the player to a helicopter","Dead(), delegates to FirstPersonController and PlayerKnockBack","SetInstantPositionRotation(), sets the player's position and rotation","ForceTeleport(), instantly teleports the player to a destination",b
PlayerManager.cs,What is the purpose of the FarthestPlaceFromPlayer() method and what does it do?,Returns the farthest place from the player given a list of positions,Returns the closest place to the player given a list of positions,Returns a random place from a list of positions,Returns the player's current position,a
PlayerGunItem.cs,What is the main role of the PlayerGunItem.cs class?,To deal damage to enemies,To equip the player items and manage their animations,To handle player movement,To control player's health,b
PlayerGunItem.cs,What is the purpose of 'BringHandUpIfNeeded' method?,To lower the player's hand,To bring up the player's hand when equipping an item,To control the player's shooting,To equip the player's items,b
PlayerGunItem.cs,What method is responsible for handling the main functionality of an equipped item when the player presses the left mouse button?,Init(),LeftClicked(),PutHandAway(),NotActiveAnymore(),b
PlayerGunItemManager.cs,What is the role of PlayerGunItemManager on the player?,Manage player credits,Handle player health and healing,Control player combat abilities,Regulate player movement and animations,c
PlayerGunItemManager.cs,How does the PlayerGunItemManager manage player items?,It assigns values to item attributes,It stores references to item prefabs,It monitors item availability,It handles item placement in the scene,c
PlayerGunItemManager.cs,How does the PlayerGunItemManager initialize player items?,By overriding their default settings,By resetting their usage statistics,By adjusting their visual appearance,By activating their core functionality,d
PlayerFlashLightManager.cs,What happens in PlayerFlashLightManager.cs when the _capacity reaches 0?,The flash light stops flashing,The battery is set to full,The flash light's intensity is increased,The flash light starts flashing,a
PlayerFlashLightManager.cs,"In PlayerFlashLightManager.cs when the player activates the item, which method is called?",DeactiveItem(),StartFlashing(),NoMoreFlashing(),Charging(),b
PlayerFlashLightManager.cs,What does PlayerFlashLightManager.cs do when the right click is pressed?,Stops the flash light.,Starts the flash light.,Resets the item.,Charges the battery.,a
LightGunBullet.cs,What is the injected light used for?,To inject light into enemies,To light up dark areas,To grow the bullet,To attract other light gun bullets,b
LightGunBullet.cs,What is the purpose of the HitNonInjectable() method?,Destroy the bullet,Grow the bullet into a ball,Inject the light to the LightGunLight component,Set the bullet's velocity to zero,b
LightGunLight.cs,What does the InjectLight() method do in LightGunLight.cs?,Turns on the light by injecting it with a specified color.,Turns off the light by sucking out its light.,Returns the current light type and an indicator of whether the light is on or off.,Turns off the additional light (if there is any) when the power is out.,a
LightGunLight.cs,How does LightGunLight.cs manage complex lights?,It turns the complex lights off when the power is out and on when the power is back.,It stores the additional light as a child of the LightGunLight object.,It sets the color of the additional light to match the emissive color of the light material.,All of the above.,d
LightGunLight.cs,What happens when the LightGunLight.cs object is disabled?,The additional light is turned off.,The onChanged UnityEvent is invoked.,The light material is changed to the Off material.,The light type is set to LightColor.Off.,a
LightGunVisuals.cs,What is the purpose of the PlayerLightGunManager.cs class in LightGunVisuals?,To control player movement,To manage some player behavior functionality,To handle player combat actions,To store references to key player components,b
LightGunVisuals.cs,What does the GunJustGotFilled() method do in PlayerLightGunManager.cs?,Finds the farthest destination from the player,Teleports the player,Returns a random destination,Sets the player position,c
LightGunVisuals.cs,What does the OnPullOut() method do in PlayerLightGunManager.cs?,Shows the focus indicator,Hides the focus indicator,Changes the focus indicator color,Changes the focus indicator size,a
PlayerLightGunManager.cs,What does the PlayerLightGunManager.LeftClicked() method do?,Shoots a light bullet,Empties the gun,Refills the gun,Plays a sound,a
PlayerLightGunManager.cs,What does the PlayerLightGunManager.FocusingOnALight() method do?,Updates the visuals,Plays a sound,Shoots a bullet,Starts the animation,a
PlayerLightGunManager.cs,What does the PlayerLightGunManager.FillTheGun() method do?,Shoots a light bullet,Plays a sound,Refills the gun,Starts the animation,c
PlayerTeleportManager,What happens when the player presses the left mouse button while holding the Teleporter item?,It teleports the player to the current position,It plants a new teleport seed,It teleports the player to the current position if there is no teleport seed,It does nothing,c
PlayerTeleportManager,What does the TeleportPlanter do?,It manages the visuals of the teleport seed,It instantiates the teleport seed object in the scene,It teleports the player to the teleport seed,It destroys the teleport seed,b
PlayerTeleportManager,When does the player teleport?,When the player presses the left mouse button,When the player presses the right mouse button,When the teleport seed is destroyed,When the player is hit by an enemy,a
TeleporterVisuals,"In TeleporterVisuals, what is the purpose of the OnTeleported() method?",To play the teleport sound and shake the camera.,To set the animation trigger and parameter for the teleport animation.,To plant a new seed.,To destroy the teleport seed.,b
TeleporterVisuals,"In TeleporterVisuals, which method is responsible for setting the HasSeed parameter in the animator?",OnTeleported(),OnNewSeedPlanted(),PulledOutTeleporterWithAlreadyPlantedSeed(),OnSeedDestroyed(),b
TeleporterVisuals,"In TeleporterVisuals, what does the PulledOutTeleporterWithAlreadyPlantedSeed() method do?",Plays the teleport sound and shakes the camera.,Sets the HasSeed parameter in the animator to true.,Destroys the teleport seed.,Plays the plant sound and shakes the camera.,b
TeleportPlanter,What is the primary responsibility of the TeleportPlanter class in Unity?,Managing teleportation points,Handling character movement,Controlling player attacks,Calculating camera angles,a
TeleportPlanter,"In TeleportPlanter.cs, what happens when the PlantNewSeed method is called?",A new seed is generated and placed.,The player's position is updated.,The last seed is destroyed.,The game progresses to the next level.,a
TeleportPlanter,What is the purpose of the SeedDestroyedByCollision method in the TeleportPlanter class?,To create a new seed object.,To destroy the last planted seed.,To handle the player's movement.,To manage the teleportation process.,b
TeleportSeed.cs,What is the purpose of the TeleportSeed class?,To control the player's movement,To manage the teleport seed's behavior,To handle player combat actions,To store references to key player components,b
TeleportSeed.cs,What does the TeleportSeed class do when it is created?,Create a new seed,Destroy the seed,Initialize the seed,Teleport the player,c
TeleportSeed.cs,What does the OnTriggerEnter method do in TeleportSeed.cs?,It destroys the seed when something enters its trigger zone,It teleports the player,It returns a random destination,It sets the player position,a
AnimatedInteractable.cs,What does the OnObjectWentOutOfFocus() method do in AnimatedInteractable.cs?,Plays the animation.,Checks if the object is one time animated.,Invokes the onInteractAction.,Disables the collider.,a
AnimatedInteractable.cs,What does AnimatedInteractable.cs do when the player interacts with the object?,Plays the animation and invokes the onInteractAction,Disables the collider,Sets the object position,Teleports the player,a
AnimatedInteractable.cs,What happens if the AnimatedInteractable is one time animated?,The animation is played once then the object is disabled,The animation is played twice,The object is disabled,The animation is played in reverse,a
CollectableInteractable.cs,What is the main purpose of the CollectableInteractable script?,To control player movement,To manage player behavior functionality,To handle player combat actions,To add functionality of collecting the object when the player interacts with it,d
CollectableInteractable.cs,What happens when the player stops focusing on the CollectableInteractable object?,The object is destroyed,The object's collider is disabled,The object is scaled down,Nothing happens,d
CollectableInteractable.cs,What happens when the player interacts with the CollectableInteractable object?,The object is scaled down,The object is destroyed,The object's collider is disabled,The object's position is changed,b
InteractableObject.cs,What is the responsibility of InteractableObject.cs?,Handling player movement,Managing player combat actions,Controlling interactable objects,Storing references to key player components,c
InteractableObject.cs,What happens when the ObjectWentInFocus() method is called?,The hint is shown in the UI,The player teleports,The player's position is set,The player's combat actions are managed,a
InteractableObject.cs,What is the purpose of the OnObjectWentOutOfFocus() method?,To hide the hint from the UI,To handle player movement,To set the player's position,To manage player combat actions,a
PlayerInteractableObjectsManager.cs,What does the PlayerInteractableObjectsManager script do?,Manages player movement,Controls player combat actions,Detects whether the player is focusing on an interactable object or not,Handles player inventory,c
PlayerInteractableObjectsManager.cs,What happens when the player is focusing on an interactable object?,The player can interact with the object,The object's ObjectWentInFocus method is called,The object's Interact method is called,Both b and c,d
PlayerInteractableObjectsManager.cs,What is the purpose of the distance variable in the PlayerInteractableObjectsManager script?,To determine how far the player can interact with objects,To determine how close the player must be to an object to focus on it,To determine how far the player can move,To determine how close the player must be to an object to interact with it,b
PowerSwitch.cs,What is the purpose of the PowerSwitch class?,To animate player movements,To manage player interacted power switches in the game,To control player interaction with elevators,To handle player combat actions,b
PowerSwitch.cs,What action does the LightsBackOn() method take?,Disable switch visual indicator,Animate switch to 'Turn On' animation,Disable the collider of the switch,Diseables switch interactor object,c
PowerSwitch.cs,What does the OnSwitchFlipped() method do when called?,Activates the color green on the switch's light indicator,Calls the PowerSwitchActivated() method,Animates the switch to the 'Turn Off' animation,Enables the switch's collider component,b
SimpleDoor.cs,What is the purpose of the IsLocked field in SimpleDoor.cs?,Determines if the door is currently locked.,Used for debugging the lock state of the door.,Locks the door for the rest of the game.,Controls the door's animation speed.,a
SimpleDoor.cs,What does the ForceOpen method do in SimpleDoor.cs?,"Forcibly opens the door, regardless of its current state.",Forces the player to interact with the door.,"Forcibly closes the door, regardless of its current state.",Forces the door to play its locked animation.,a
SimpleDoor.cs,What is the purpose of the private void Start() method in SimpleDoor.cs?,Sets the door's initial state.,Initializes the door's animation.,Sets up the door's audio.,All of the above.,d
GrabbableObjects.cs,What does the GrabbableObjects class inherit and why?,"InteractableObject.cs, to add grabbing, holding + unGrabbing the object when the player interacts with it","CharacterController.cs, to control the movement of the held object","UnityEvent.cs, to invoke an event when the player grabs the object.","Rigidbody.cs, to control the object's velocity and angular velocity",a
GrabbableObjects.cs,What is the purpose of the `Update()` method in this script?,To lerp the object to the target position,To check if the player is still holding the object,To update the object's velocity,To update the object's position based on the player's movement,a
GrabbableObjects.cs,How does the GrabbableObjects class handle the grabbing and unGrabbing of objects?,By using the `Input.GetButtonDown()` method to check for player input,By setting the object's parent to the player's hand transform when grabbed and null when unGrabbed,By using physics calculations to simulate the movement of the object,By using the `Grab()` and `UnGrab()` methods to control the object's state,d
PlayerHoldObjectsManager.cs,"In PlayerHoldObjectsManager.cs, what is the purpose of the 'OnGrabbableObjectInteracted' event?",To check if a grabbable object is being grabbed,To trigger the appropriate Grab or UnGrab method,To update the target position for small and big objects,To subscribe to events related to player interactions,b
PlayerHoldObjectsManager.cs,What happens when the player interacts with a grabbable object and how does PlayerHoldObjectsManager.cs handle it?,It ignores the interaction and does nothing,It calls the Grab or UnGrab method of the GrabbableObjects.cs script,It updates the player's position based on the object's size,It checks if the player has the necessary resources to grab the object,b
PlayerHoldObjectsManager.cs,"When the PlayerHoldObjectsManager.cs script is disabled, what happens to the subscribed events?",They are automatically unsubscribed,They continue to be subscribed and receive events,They are temporarily paused until the script is enabled again,They are only unsubscribed if the player is not carrying an object,a
PowerCoreObject.cs,What is the purpose of the PowerCoreObject class?,To add health points to the player,To manage the insertion and ejection of the power core,To collect coins in the scene,To control the game camera,b
PowerCoreObject.cs,What happens when the OnEnteredPowerStation() method is called?,The power core is ejected from the station,The power core is fully inserted into the station,The player grabs the power core,The power core is destroyed,b
PowerCoreObject.cs,What is the coreInstallTarget field used for?,To specify the target position for the power core to be installed,To specify the target rotation for the power core to be installed,To specify the target position for the power core to be ejected,To specify the target rotation for the power core to be ejected,a
PowerCoreStation.cs,What is the purpose of the PowerCoreStation class?,To control player movement,To manage some player behavior functionality,To handle player combat actions,To implement the logic of a power station in the game,d
PowerCoreStation.cs,What happens when the power core enters the station's trigger zone?,The station plays a sound.,The station fully inserts the power core.,The player can interact with the station.,The station disables its collider.,b
PowerCoreStation.cs,When is the Interact() method of the PowerCoreStation class called?,When the player focuses on the object.,When the player presses the interact button.,When the power core enters the station's trigger zone.,When the player goes out of focus of the object.,b
LightMaterialDatabaseSO.cs,What does LightMaterialDatabaseSO.cs do?,Creates a database of light materials,Contains a list of all light materials,Provides methods to get light material by LightColor enum and vice versa,All of the above,d
LightMaterialDatabaseSO.cs,What are the two scriptable objects of this type in the project?,LightGun lights and Simple lights,LightGun lights and Off lights,Simple lights and Off lights,None of the above,a
LightMaterialDatabaseSO.cs,What does the GetAllLightGunLightsExceptOff() method return?,All light materials except Off,All light materials except Red,All light materials except Blue,All light materials except Green,a
Constants.cs,What layer does the FocusedHighlightedLayer constant in the Constants class refer to?,Layer 5,Layer 8,Layer 3,Layer 10,a
Constants.cs,What value is assigned to the LightGunLightEmissionAmount constant in the Constants class?,20,60,10,40,d
Constants.cs,What is the name of the key used to store the time taken to complete a level in PlayerPrefs?,LevelTime(int level),LevelCompletionTime(int level),LevelDuration(int level),TimeUntilLevelCompletion(int level),a
FootstepManager.cs,What is the purpose of the FootstepManager class?,To control player movement,To play footstep sounds based on player speed,To handle player combat actions,To store references to key player components,b
FootstepManager.cs,What variable is used for the footstep timer?,speed,crouchAudioDelay,walkAudioDelay,_footstepTime,d
FootstepManager.cs,The footstep timer is updated when?,When the player is grounded,When the player is moving,When the player is running,When the player is crouching,b
GameManager.cs,What is the main responsibility of the GameManager class?,To handle player-related behaviors,To manage scene transitions,To hold references to reusable data for other systems,To control the game's overall state,c
GameManager.cs,What are LightMaterialDatabaseSO and SimpleLightMaterials in the GameManager class?,Serialized fields used for static methods,Custom editor scripts to configure materials, Scriptable objects containing materials for specific purposes,MonoBehaviour scripts handling material assignments,c
GameManager.cs,What happens when the game is closed in the GameManager class?,All materials are reset to their default settings,The game's state is saved and persistent data is cleared,The Unity Editor is exited and the game is terminated,LightGun lights materials are reset to their default emission intensity,d
GameStarter.cs,What does the GameStarter class do?,Manages player movement,Sets up the main menu and listens for game start UI events,Handles player combat actions,Stores data of all levels,b
GameStarter.cs,When is the StartGame method called?,When the player enters a new level,When the player dies,When the player presses the start game button in the main menu,When the player reaches a checkpoint,c
GameStarter.cs,What happens when the SetMenuCameraPositionAndRotation method is called?,The main menu camera is activated,The player's position is set to the main menu camera's position,The game is paused,The main menu camera's position and rotation are updated,d
GlobalInGameData.cs,What is the purpose of the GlobalInGameData class?,Controls player movement,Stores global data used throughout the game,Manages scene transitions,Handles inventory management,b
GlobalInGameData.cs,What does the CurrentLevel field represent in GlobalInGameData.cs?,The player's current health,The number of levels completed,The current level the player is in,The highest level reached,c
GlobalInGameData.cs,What is the purpose of the PlayerHasControl field in GlobalInGameData.cs?,Determines if the player can move,Toggles player invincibility,Controls player animations,Manages player interactions with objects,a
MusicSoundManager,What does the PlaySound() method in MusicSoundManager do?,Plays an AudioClip,Stops an AudioClip,Pauses an AudioClip,Fades an AudioClip,a
MusicSoundManager,What is the purpose of the PlaySoundWithDelay() method in MusicSoundManager?,Plays an AudioClip with a delay,Plays an AudioClip in a loop,Plays an AudioClip at a random pitch,Plays an AudioClip at a random volume,a
MusicSoundManager,Which method is used to play ambient sound in MusicSoundManager?,PlaySound(),PlayMusic(),PlayAmbient(),PlayFootstep(),c
PreLoader.cs,What is the purpose of the PreLoader class?,To specify the resolution for the game,To load specific assets before any scene is loaded,To disable the loading of certain scenes,To create an instance of the Systems object,d
PreLoader.cs,How is the Systems object instantiated?,By calling the DontDestroyOnLoad() method,By using the Resources.Load() method,By setting the RuntimeInitializeLoadType attribute,By calling the Instantiate() method,d
PreLoader.cs,What happens after the Systems object is instantiated?,The game resolution is set,The DontDestroyOnLoad() method is called,The Resources.Load() method is used,The RuntimeInitializeLoadType attribute is set,a
SingletonMonoBehaviour.cs,What does the SingletonMonoBehaviour.cs class provide?,A custom implementation of the singleton pattern,A way to manage multiple instances of the same class,A way to store and access global variables,A way to create abstract classes,a
SingletonMonoBehaviour.cs,How is the Singleton instance set in SingletonMonoBehaviour.cs?,Through the Awake method,Through the Start method,Through the Update method,Through the FixedUpdate method,a
SingletonMonoBehaviour.cs,What happens if there is already an instance of a Singleton class when trying to create another one?,The new instance is destroyed,The old instance is destroyed,Both instances are destroyed,An error is logged in the console,d
Utils.cs,What does the Normalize method do in Utils.cs?,Inverts the color components,Converts a color to grayscale,Adjusts a color to make its brightest component equal to 1,Scales a color by a random factor,c
FlashLightUiManager.cs,In FlashLightUiManager.cs what is the purpose of the FlashLightUiManager class?,To control player movement,To manage the flash light UI,To handle player combat actions,To store references to key player components,b
FlashLightUiManager.cs,What does the Update() method do in FlashLightUiManager.cs?,Updates the UI according to the battery level,Teleports the player,Returns a random destination,Sets the player position,a
FlashLightUiManager.cs,Which component is updated to show the battery level?,Text,Slider,Image,Button,c
FullScreenEffectsManager.cs,What are the types of the fullscreen effects managed by FullScreenEffectsManager?,Low on health and teleport,Low on health and slow motion,Teleport and slow motion,Low on health and poisoning,a
FullScreenEffectsManager.cs,What does FullScreenEffectsManager.cs do when HealthLowHealthEffect() is called?,Hides the low-health effect,Animates intensity of the low-health effect,Resets the low-health effect,Shows the teleport effect,b
FullScreenEffectsManager.cs,"In FullScreenEffectsManager.cs, what is the name of the method called when a player teleports?",Teleportation(),Teleport(),PlayerTeleport(),TeleportPlayer(),b
GamePlayCanvasManager.cs,What is the role of GamePlayCanvasManager in the script?,To manage the activation and deactivation of gameplay canvas elements,To handle player movement,To store references to key player components,To control the player's combat actions,a
GamePlayCanvasManager.cs,What method is used to deactivate the gameplay UI in GamePlayCanvasManager?,EnableGameplayUi,DisableGameplayUi,SetGameplayUiActive,ToggleGameplayUi,b
GamePlayCanvasManager.cs,What is the purpose of the SingletonMonoBehaviour<GamePlayCanvasManager> base class?,To ensure there is only one instance of GamePlayCanvasManager active at a time,To facilitate communication between different GamePlayCanvasManager instances,To provide a shared interface for accessing GamePlayCanvasManager functionality,To allow GamePlayCanvasManager to interact with other components in the scene,a
UIBeastManager.cs,What does the UIBeastManager class do in Unity?,It controls lighting,It manages UI elements for the player's beast,It handles player combat,It manages the camera view,b
UIBeastManager.cs,What is the purpose of the OnEnable() method in UIBeastManager.cs?,To subscribe to events,To start the game,To load the next level,To stop the game,a
UIBeastManager.cs,What is the OnDisable() method in UIBeastManager.cs used for?,To restart the game,To unsubscribe from events,To save the game,To pause the game,b
UICurrentObjectivesManager.cs,What does the UICurrentObjectivesManager class manage on the UI?,Player movement,Enemy behaviour,Story progression,Current objectives messages,d
UICurrentObjectivesManager.cs,What is the responsibility of the CurrentObjectiveUpdate function in UICurrentObjectivesManager.cs?,Updating the current objective UI element,Hiding the UI element,Starting the game,Unsubscribing from events,a
UICurrentObjectivesManager.cs,Which event does the UICurrentObjectivesManager subscribe to in order to update the current objective UI?,UiEventHub.OnGameStart,UiEventHub.OnEnemyKilled,UiEventHub.OnPlayerDeath,UiEventHub.OnCurrentObjectiveUpdate,d
UiHintManager.cs,What does UiHintManager do?,Displays hints to the player.,Manages player inventory.,Controls player movement.,Calculates the player's score.,a
UiHintManager.cs,What happens when OnMainHint is called?,The main hint text is updated.,The player's score is increased.,The game is paused.,The player's health is restored.,a
UiHintManager.cs,What is the purpose of the mainHintText field?,To store the player's name.,To store the current level.,To display hints to the player.,To store the game's high score.,c
